"7F-CH-1.ST","","0 26 01","(CH1放     )","12.9","DEG C"," -N-       NONE"
" ****************************************************************************************************"
"7F-CH-2.ST","","0 26 03","(CH2放     )","17.9","DEG C"," -N-       NONE"
" ****************************************************************************************************"
"7F-CH-3.ST","","0 26 05","(CH3放     )","17.8","DEG C"," -N-       NONE"
" ****************************************************************************************************"
"7F-CH-4.ST","","0 26 07","(CH4放     )","17.6","DEG C"," -N-       NONE"
" ****************************************************************************************************"
"7F-CH-5.ST","","0 27 01","(CH5放     )","17.7","DEG C"," -N-       NONE"
" ****************************************************************************************************"
"7F-CH.ST","","0 28 05","(羆放  )","16.4","DEG C"," -N-       NONE"
" ****************************************************************************************************"
"7F-CH-1.RT","","0 26 02","(CH1放     )","17.7",""," -N-       NONE"
" ****************************************************************************************************"
"7F-CH-2.RT","","0 26 04","(CH2放     )","17.9",""," -N-       NONE"
" ****************************************************************************************************"
"7F-CH-3.RT","","0 26 06","(CH3放     )","17.8",""," -N-       NONE"
" ****************************************************************************************************"
"7F-CH-4.RT","","0 26 08","(CH4放     )","17.8",""," -N-       NONE"
" ****************************************************************************************************"
"7F-CH-5.RT","","0 27 02","(CH5放     )","17.6",""," -N-       NONE"
" ****************************************************************************************************"
"7F-CH.RT","","0 28 06","(羆放  )","17.5","DEG C"," -N-       NONE"
" ****************************************************************************************************"
"7F-CH-1.CHDT",""," -Virtual-","(放畉        )","4.9","DEG C"," -N-       NONE"
" ****************************************************************************************************"
"7F-CH-2.CHDT",""," -Virtual-","(放畉        )"," -0.0","DEG C"," -N-       NONE"
" ****************************************************************************************************"
"7F-CH-3.CHDT",""," -Virtual-","(放畉        )","0.0","DEG C"," -N-       NONE"
" ****************************************************************************************************"
"7F-CH-4.CHDT",""," -Virtual-","(放畉        )","0.0","DEG C"," -N-       NONE"
" ****************************************************************************************************"
"7F-CH-5.CHDT",""," -Virtual-","(放畉        )","0.0","DEG C"," -N-       NONE"
" ****************************************************************************************************"
"7F-CHSYS.CHDT",""," -Virtual-","(╰参放畉    )","1.1","DEG C"," -N-       NONE"
" ****************************************************************************************************"
"7F-CH-1.FM","","0 32 07","(CH1瑈秖       )","6183",""," -N-       NONE"
" ****************************************************************************************************"
"7F-CH-2.FM","","0 32 08","(CH2瑈秖       )","6790",""," -N-       NONE"
" ****************************************************************************************************"
"7F-CH-3.FM","","0 33 01","(CH3瑈秖       )","1992",""," -N-       NONE"
" ****************************************************************************************************"
"7F-CH-4.FM","","0 33 02","(CH4瑈秖       )","3726",""," -N-       NONE"
" ****************************************************************************************************"
"7F-CH-5.FM","","0 33 03","(CH5瑈秖       )","3076",""," -N-       NONE"
" ****************************************************************************************************"
"7F-CH.FM","","0 28 07","(羆瑈秖      )","24031",""," -N-       NONE"
" ****************************************************************************************************"
"7F-CW-1.ST","","0 27 03","(CW1放     )","34.1","DEG C"," -N-       NONE"
" ****************************************************************************************************"
"7F-CW-2.ST","","0 27 05","(CW2放     )","25.3","DEG C"," -N-       NONE"
" ****************************************************************************************************"
"7F-CW-3.ST","","0 27 07","(CW3放     )","29.6","DEG C"," -N-       NONE"
" ****************************************************************************************************"
"7F-CW-4.ST","","0 28 01","(CW4放     )","28.3","DEG C"," -N-       NONE"
" ****************************************************************************************************"
"7F-CW-5.ST","","0 28 03","(CW5放     )","30.2","DEG C"," -N-       NONE"
" ****************************************************************************************************"
"7F-CW.ST",""," -Virtual-","(玱羆放)","29.7",""," -N-       NONE"
" ****************************************************************************************************"
"7F-CW-1.RT","","0 27 04","(CW1放     )","29.4",""," -N-       NONE"
" ****************************************************************************************************"
"7F-CW-2.RT","","0 27 06","(CW2放     )","25.0",""," -N-       NONE"
" ****************************************************************************************************"
"7F-CW-3.RT","","0 27 08","(CW3放     )","30.3",""," -N-       NONE"
" ****************************************************************************************************"
"7F-CW-4.RT","","0 28 02","(CW4放     )","28.6",""," -N-       NONE"
" ****************************************************************************************************"
"7F-CW-5.RT","","0 28 04","(CW5放     )","30.8",""," -N-       NONE"
" ****************************************************************************************************"
"7F-CW.RT",""," -Virtual-","(玱羆放)","27.2",""," -N-       NONE"
" ****************************************************************************************************"
"7F-CH-1.CWDT",""," -Virtual-","(玱放畉      )","4.8","DEG C"," -N-       NONE"
" ****************************************************************************************************"
"7F-CH-2.CWDT",""," -Virtual-","(玱放畉      )","0.3","DEG C"," -N-       NONE"
" ****************************************************************************************************"
"7F-CH-3.CWDT",""," -Virtual-","(玱放畉      )","0.0","DEG C"," -N-       NONE"
" ****************************************************************************************************"
"7F-CH-4.CWDT",""," -Virtual-","(玱放畉      )","0.0","DEG C"," -N-       NONE"
" ****************************************************************************************************"
"7F-CH-5.CWDT",""," -Virtual-","(玱放畉      )","0.0","DEG C"," -N-       NONE"
" ****************************************************************************************************"
"7F-CHSYS.CWDT",""," -Virtual-","(玱╰参放畉  )","2.5","DEG C"," -N-       NONE"
" ****************************************************************************************************"
"7F-CW-1.FM","","0 33 04","(CW1瑈秖       )","8124",""," -N-       NONE"
" ****************************************************************************************************"
"7F-CW-2.FM","","0 33 05","(CW2瑈秖       )","3809",""," -N-       NONE"
" ****************************************************************************************************"
"7F-CW-3.FM","","0 33 06","(CW3瑈秖       )","21",""," -N-       NONE"
" ****************************************************************************************************"
"7F-CW-4.FM","","0 33 07","(CW4瑈秖       )","15",""," -N-       NONE"
" ****************************************************************************************************"
"7F-CW-5.FM","","0 33 08","(CW5瑈秖       )","15",""," -N-       NONE"
" ****************************************************************************************************"
"7F-CW.FM",""," -Virtual-","(玱羆瑈秖    )","11987",""," -N-       BN16"
" ****************************************************************************************************"
"CH1F7:KW","","9 01 32","(                )","313.0","kW"," -N-       NONE"
" ****************************************************************************************************"
"CH2F7:KW","","14 13 36","(                )","0.7","kW"," -N-       NONE"
" ****************************************************************************************************"
"CH3F7:KW","","14 14 36","(                )","0.0","kW"," -N-       NONE"
" ****************************************************************************************************"
"CH4F7:KW","","9 02 32","(                )","0.0","kW"," -N-       NONE"
" ****************************************************************************************************"
"CH5F7:KW","","9 03 32","(                )","0.0","kW"," -N-       NONE"
" ****************************************************************************************************"
"CHF7-ALL.KW",""," -Virtual-","(诀╰参瞯    )","313.7",""," -N-       NONE"
" ****************************************************************************************************"
"7F-CH-1.TON",""," -Virtual-","(箉          )","599",""," -N-       NONE"
" ****************************************************************************************************"
"7F-CH-2.TON",""," -Virtual-","(箉          )","0",""," -N-       NONE"
" ****************************************************************************************************"
"7F-CH-3.TON",""," -Virtual-","(箉          )","0",""," -N-       NONE"
" ****************************************************************************************************"
"7F-CH-4.TON",""," -Virtual-","(箉          )","0",""," -N-       NONE"
" ****************************************************************************************************"
"7F-CH-5.TON",""," -Virtual-","(箉          )","0",""," -N-       NONE"
" ****************************************************************************************************"
"7F-CHSYS.TON",""," -Virtual-","(箉          )","134",""," -N-       NONE"
" ****************************************************************************************************"
"7F-CH-1.KW/RT",""," -Virtual-","(诀瞯        )","0.00",""," -N-       NONE"
" ****************************************************************************************************"
"7F-CH-2.KW/RT",""," -Virtual-","(诀瞯        )","0.00",""," -N-       NONE"
" ****************************************************************************************************"
"7F-CH-3.KW/RT",""," -Virtual-","(诀瞯        )","0.00",""," -N-       NONE"
" ****************************************************************************************************"
"7F-CH-4.KW/RT",""," -Virtual-","(诀瞯        )","0.00",""," -N-       NONE"
" ****************************************************************************************************"
"7F-CH-5.KW/RT",""," -Virtual-","(诀瞯        )","0.00",""," -N-       NONE"
" ****************************************************************************************************"
"7F-CHSYS.KW/RT",""," -Virtual-","(╰参瞯    )","8.27",""," -N-       NONE"
" ****************************************************************************************************"
"7F-CW-1.TON",""," -Virtual-","(玱箉    )","767",""," -N-       NONE"
" ****************************************************************************************************"
"7F-CW-2.TON",""," -Virtual-","(玱箉    )","0",""," -N-       NONE"
" ****************************************************************************************************"
"7F-CW-3.TON",""," -Virtual-","(玱箉    )","0",""," -N-       NONE"
" ****************************************************************************************************"
"7F-CW-4.TON",""," -Virtual-","(玱箉    )","0",""," -N-       NONE"
" ****************************************************************************************************"
"7F-CW-5.TON",""," -Virtual-","(玱箉    )","0",""," -N-       NONE"
" ****************************************************************************************************"
"7F-CWSYS.TON",""," -Virtual-","(箉          )","605",""," -N-       NONE"
" ****************************************************************************************************"
"7F-CH-1.HB",""," -Virtual-","(                )"," -21.91",""," -N-       NONE"
" ****************************************************************************************************"
"7F-CH-2.HB",""," -Virtual-","(                )","0.00",""," -N-       NONE"
" ****************************************************************************************************"
"7F-CH-3.HB",""," -Virtual-","(                )","0.00",""," -N-       NONE"
" ****************************************************************************************************"
"7F-CH-4.HB",""," -Virtual-","(                )","0.00",""," -N-       NONE"
" ****************************************************************************************************"
"7F-CH-5.HB",""," -Virtual-","(                )","0.00",""," -N-       NONE"
" ****************************************************************************************************"
"7F-CHSYS.HB",""," -Virtual-","(                )"," -25.45",""," -N-       NONE"
" ****************************************************************************************************"
"CHP1F7:KW","","10 01 14","(                )","31.6","kW"," -N-       NONE"
" ****************************************************************************************************"
"CHP2F7:KW","","10 02 14","(                )","29.1","kW"," -N-       NONE"
" ****************************************************************************************************"
"CHP3F7:KW","","10 03 14","(                )","0.0","kW"," -N-       NONE"
" ****************************************************************************************************"
"CHP4F7:KW","","10 04 14","(                )","0.0","kW"," -N-       NONE"
" ****************************************************************************************************"
"CHP5F7:KW","","10 05 14","(                )","0.0","kW"," -N-       NONE"
" ****************************************************************************************************"
"CHPF7-ALL.KW",""," -Virtual-","(╰参瞯  )","60.7",""," -N-       NONE"
" ****************************************************************************************************"
"CWP1F7:KW","","10 06 14","(                )","30.3","kW"," -N-       NONE"
" ****************************************************************************************************"
"CWP2F7:KW","","10 07 14","(                )","33.6","kW"," -N-       NONE"
" ****************************************************************************************************"
"CWP3F7:KW","","10 08 14","(                )","0.0","kW"," -N-       NONE"
" ****************************************************************************************************"
"CWP4F7:KW","","10 09 14","(                )","0.0","kW"," -N-       NONE"
" ****************************************************************************************************"
"CWP5F7:KW","","10 10 14","(                )","0.0","kW"," -N-       NONE"
" ****************************************************************************************************"
"CWPF7-ALL.KW",""," -Virtual-","(玱╰参瞯)","63.9",""," -N-       NONE"
" ****************************************************************************************************"
"CH-B1-1.CST","","0 00 02","(癳放    )","7.78","DEG C"," -N-       NONE"
" ****************************************************************************************************"
"CH-B1-2.CST","","0 00 05","(癳放    )","10.02","DEG C"," -N-       NONE"
" ****************************************************************************************************"
"CHW.ST","","0 00 16","(羆放  )","8.6","DEG C"," -N-       NONE"
" ****************************************************************************************************"
"CH-B1-1.CRT","","0 00 01","(秈放    )","11.17","DEG C"," -N-       NONE"
" ****************************************************************************************************"
"CH-B1-2.CRT","","0 00 06","(秈放    )","9.99","DEG C"," -N-       NONE"
" ****************************************************************************************************"
"CHW.RT","","0 00 13","(羆放  )","10.7","DEG C"," -N-       NONE"
" ****************************************************************************************************"
"CH-B1-1.CHDT",""," -Virtual-","(放畉        )","3.4","DEG C"," -N-       NONE"
" ****************************************************************************************************"
"CH-B1-2.CHDT",""," -Virtual-","(放畉        )"," -0.0","DEG C"," -N-       NONE"
" ****************************************************************************************************"
"CH-B1.CHDT",""," -Virtual-","(╰参放畉    )","2.2","DEG C"," -N-       NONE"
" ****************************************************************************************************"
"CH-B1-1.CFM","","1 05 01","(瑈秖      )","4858",""," -N-       NONE"
" ****************************************************************************************************"
"CH-B1-2.CFM","","1 05 03","(瑈秖      )","2539",""," -N-       NONE"
" ****************************************************************************************************"
"CH-B1.CFM",""," -Virtual-","(╰参羆瑈秖  )","4845",""," -N-       NONE"
" ****************************************************************************************************"
"CH-B1-1.CWST","","0 00 04","(玱秈放  )","30.26","DEG C"," -N-       NONE"
" ****************************************************************************************************"
"CH-B1-2.CWST","","0 00 08","(玱秈放  )","29.49","DEG C"," -N-       NONE"
" ****************************************************************************************************"
"CW.ST","","0 00 14","(玱羆放)","33.70","DEG C"," -N-       NONE"
" ****************************************************************************************************"
"CH-B1-1.CWRT","","0 00 03","(玱放  )","33.73",""," -N-       NONE"
" ****************************************************************************************************"
"CH-B1-2.CWRT","","0 00 07","(玱放  )","30.92",""," -N-       NONE"
" ****************************************************************************************************"
"CW.RT","","0 00 15","(玱羆放)","30.25","DEG C"," -N-       NONE"
" ****************************************************************************************************"
"CH-B1-1.CWDT",""," -Virtual-","(玱放畉      )","3.5","DEG C"," -N-       NONE"
" ****************************************************************************************************"
"CH-B1-2.CWDT",""," -Virtual-","(玱放畉      )","1.4","DEG C"," -N-       NONE"
" ****************************************************************************************************"
"CH-B1.CWDT",""," -Virtual-","(玱╰参放畉  )","3.5","DEG C"," -N-       NONE"
" ****************************************************************************************************"
"CH-B1-1.CWFM","","1 05 02","(瑈秖      )","6016",""," -N-       NONE"
" ****************************************************************************************************"
"CH-B1-2.CWFM","","1 05 04","(瑈秖      )","0",""," -N-       NONE"
" ****************************************************************************************************"
"CH-B1.CWFM",""," -Virtual-","(玱╰参羆瑈秖)","6013",""," -N-       NONE"
" ****************************************************************************************************"
"CH1B1:KW","","8 01 14","(                )","0.5","kW"," *F*       NONE"
" ****************************************************************************************************"
"CH2B1:KW","","8 02 14","(                )","0.5","kW"," *F*       NONE"
" ****************************************************************************************************"
"CHB1-ALL.KW",""," -Virtual-","(诀╰参瞯    )","1.1",""," -N-       NONE"
" ****************************************************************************************************"
"CH-B1-1.TON",""," -Virtual-","(箉          )","325",""," -N-       NONE"
" ****************************************************************************************************"
"CH-B1-2.TON",""," -Virtual-","(箉          )","0",""," -N-       NONE"
" ****************************************************************************************************"
"CH-B1.TON",""," -Virtual-","(╰参箉  )","208",""," -N-       NONE"
" ****************************************************************************************************"
"CH-B1-1.KW/RT",""," -Virtual-","(诀瞯        )","0.00",""," -N-       NONE"
" ****************************************************************************************************"
"CH-B1-2.KW/RT",""," -Virtual-","(诀瞯        )","0.00",""," -N-       NONE"
" ****************************************************************************************************"
"CH-B1.KW/RT",""," -Virtual-","(╰参瞯    )","0.00",""," -N-       NONE"
" ****************************************************************************************************"
"CW-B1-1.TON",""," -Virtual-","(箉          )","415",""," -N-       NONE"
" ****************************************************************************************************"
"CW-B1-2.TON",""," -Virtual-","(箉          )","0",""," -N-       NONE"
" ****************************************************************************************************"
"CW-B1.TON",""," -Virtual-","(玱╰参箉)","411",""," -N-       NONE"
" ****************************************************************************************************"
"CH-B1-1.HB",""," -Virtual-","(                )"," -21.45",""," -N-       NONE"
" ****************************************************************************************************"
"CH-B1-2.HB",""," -Virtual-","(                )","0.00",""," -N-       NONE"
" ****************************************************************************************************"
"CH-B1.HB",""," -Virtual-","(                )"," -49.36",""," -N-       NONE"
" ****************************************************************************************************"
"CWP1B1:KW","","8 06 14","(                )","39.2","kW"," *F*       NONE"
" ****************************************************************************************************"
"CWP2B1:KW","","8 07 14","(                )","0.0","kW"," *F*       NONE"
" ****************************************************************************************************"
"CWP3B1:KW","","8 08 14","(                )","0.0","kW"," *F*       NONE"
" ****************************************************************************************************"
"CWPB1-ALL.KW",""," -Virtual-","(玱╰参瞯)","39.2",""," -N-       NONE"
" ****************************************************************************************************"
"CHP1B1:KW","","8 03 14","(                )","14.6","kW"," *F*       NONE"
" ****************************************************************************************************"
"CHP2B1:KW","","8 04 14","(                )","0.0","kW"," *F*       NONE"
" ****************************************************************************************************"
"CHP3B1:KW","","8 05 14","(                )","0.0","kW"," *F*       NONE"
" ****************************************************************************************************"
"CHPB1-ALL.KW",""," -Virtual-","(╰参瞯  )","14.6",""," -N-       NONE"
" ****************************************************************************************************"
"MGCBAB2.KWH",""," -Virtual-","(计            )","264583120","kW h"," -N-       NONE"
" ****************************************************************************************************"
"MGCBAB2:HZ","","6 01 11","(                )","60","Hz"," -N-       NONE"
" ****************************************************************************************************"
"MGCBAB2:IR","","6 01 12","(                )","27","A"," -N-       NONE"
" ****************************************************************************************************"
"MGCBAB2:IS","","6 01 13","(                )","27","A"," -N-       NONE"
" ****************************************************************************************************"
"MGCBAB2:IT","","6 01 14","(                )","27","A"," -N-       NONE"
" ****************************************************************************************************"
"MGCBAB2:KW","","6 01 20","(                )","1066.0","kW"," -N-       NONE"
" ****************************************************************************************************"
"MGCBAB2:PF","","6 01 19","(                )"," -0.96",""," -N-       NONE"
" ****************************************************************************************************"
"MGCBAB2:VRS","","6 01 16","(                )","23.5","kV"," -N-       NONE"
" ****************************************************************************************************"
"MGCBAB2:VST","","6 01 17","(                )","23.6","kV"," -N-       NONE"
" ****************************************************************************************************"
"MGCBAB2:VTR","","6 01 18","(                )","23.6","kV"," -N-       NONE"
" ****************************************************************************************************"
"MLAB2-1.KWH",""," -Virtual-","(计            )","23654376","kW h"," -N-       NONE"
" ****************************************************************************************************"
"MLAB2-1:HZ","","6 02 11","(                )","60","Hz"," -N-       NONE"
" ****************************************************************************************************"
"MLAB2-1:IR","","6 02 12","(                )","201","A"," -N-       NONE"
" ****************************************************************************************************"
"MLAB2-1:IS","","6 02 13","(                )","186","A"," -N-       NONE"
" ****************************************************************************************************"
"MLAB2-1:IT","","6 02 14","(                )","160","A"," -N-       NONE"
" ****************************************************************************************************"
"MLAB2-1:KW","","6 02 20","(                )","112.0","kW"," -N-       NONE"
" ****************************************************************************************************"
"MLAB2-1:PF","","6 02 19","(                )"," -0.93",""," -N-       NONE"
" ****************************************************************************************************"
"MLAB2-1:VRS","","6 02 16","(                )","381.0","V"," -N-       NONE"
" ****************************************************************************************************"
"MLAB2-1:VST","","6 02 17","(                )","381.0","V"," -N-       NONE"
" ****************************************************************************************************"
"MLAB2-1:VTR","","6 02 18","(                )","380.0","V"," -N-       NONE"
" ****************************************************************************************************"
"MLAB2-2.KWH",""," -Virtual-","(计            )","0","kW h"," -N-       NONE"
" ****************************************************************************************************"
"MLAB2-2:HZ","","6 03 11","(                )","0","Hz"," *F*       NONE"
" ****************************************************************************************************"
"MLAB2-2:IR","","6 03 12","(                )","0","A"," *F*       NONE"
" ****************************************************************************************************"
"MLAB2-2:IS","","6 03 13","(                )","0","A"," *F*       NONE"
" ****************************************************************************************************"
"MLAB2-2:IT","","6 03 14","(                )","0","A"," *F*       NONE"
" ****************************************************************************************************"
"MLAB2-2:KW","","6 03 20","(                )","0.0","kW"," *F*       NONE"
" ****************************************************************************************************"
"MLAB2-2:PF","","6 03 19","(                )"," -32.77",""," *F*       NONE"
" ****************************************************************************************************"
"MLAB2-2:VRS","","6 03 16","(                )","0.0","V"," *F*       NONE"
" ****************************************************************************************************"
"MLAB2-2:VST","","6 03 17","(                )","0.0","V"," *F*       NONE"
" ****************************************************************************************************"
"MLAB2-2:VTR","","6 03 18","(                )","0.0","V"," *F*       NONE"
" ****************************************************************************************************"
"EMLAB2-1.KWH",""," -Virtual-","(计            )","23885156","kW h"," -N-       NONE"
" ****************************************************************************************************"
"EMLAB2-1:HZ","","6 04 11","(                )","60","Hz"," -N-       NONE"
" ****************************************************************************************************"
"EMLAB2-1:IR","","6 04 12","(                )","60","A"," -N-       NONE"
" ****************************************************************************************************"
"EMLAB2-1:IS","","6 04 13","(                )","33","A"," -N-       NONE"
" ****************************************************************************************************"
"EMLAB2-1:IT","","6 04 14","(                )","39","A"," -N-       NONE"
" ****************************************************************************************************"
"EMLAB2-1:KW","","6 04 20","(                )","27.0","kW"," -N-       NONE"
" ****************************************************************************************************"
"EMLAB2-1:PF","","6 04 19","(                )"," -33.76",""," -N-       NONE"
" ****************************************************************************************************"
"EMLAB2-1:VRS","","6 04 16","(                )","382.0","V"," -N-       NONE"
" ****************************************************************************************************"
"EMLAB2-1:VST","","6 04 17","(                )","382.0","V"," -N-       NONE"
" ****************************************************************************************************"
"EMLAB2-1:VTR","","6 04 18","(                )","382.0","V"," -N-       NONE"
" ****************************************************************************************************"
"MGCBARF.KWH",""," -Virtual-","(计            )","39.0302",""," -N-       BN16"
" ****************************************************************************************************"
"MGCBARF:F","","14 01 22","(                )","60","Hz"," -N-       NONE"
" ****************************************************************************************************"
"MGCBARF:I1","","14 01 11","(                )","16.0","A"," -N-       NONE"
" ****************************************************************************************************"
"MGCBARF:I2","","14 01 12","(                )","15.7","A"," -N-       NONE"
" ****************************************************************************************************"
"MGCBARF:I3","","14 01 13","(                )","16.2","A"," -N-       NONE"
" ****************************************************************************************************"
"MGCBARF:KW","","14 01 18","(                )","626.2","kW"," -N-       NONE"
" ****************************************************************************************************"
"MGCBARF:PF","","14 01 21","(                )","0.96",""," -N-       NONE"
" ****************************************************************************************************"
"MGCBARF:V12","","14 01 15","(                )","23.6","kV"," -N-       NONE"
" ****************************************************************************************************"
"MGCBARF:V23","","14 01 16","(                )","23.6","kV"," -N-       NONE"
" ****************************************************************************************************"
"MGCBARF:V31","","14 01 17","(                )","23.7","kV"," -N-       NONE"
" ****************************************************************************************************"
"MPA1:HZ","","14 02 39","(                )","60","Hz"," -N-       NONE"
" ****************************************************************************************************"
"MPA1:IR","","14 02 11","(                )","632","A"," -N-       NONE"
" ****************************************************************************************************"
"MPA1:IS","","14 02 18","(                )","632","A"," -N-       NONE"
" ****************************************************************************************************"
"MPA1:IT","","14 02 25","(                )","644","A"," -N-       NONE"
" ****************************************************************************************************"
"MPA1:KW","","14 02 36","(                )","392.7","kW"," -N-       NONE"
" ****************************************************************************************************"
"MPA1:KWH","","14 02 43","(                )","12407540",""," -N-       NONE"
" ****************************************************************************************************"
"MPA1:PF","","14 02 38","(                )","0.93",""," -N-       NONE"
" ****************************************************************************************************"
"MPA1:VRS","","14 02 13","(                )","384.1","V"," -N-       NONE"
" ****************************************************************************************************"
"MPA1:VST","","14 02 20","(                )","383.6","V"," -N-       NONE"
" ****************************************************************************************************"
"MPA1:VTR","","14 02 27","(                )","382.5","V"," -N-       NONE"
" ****************************************************************************************************"
"MPA2:HZ","","14 03 39","(                )","60","Hz"," -N-       NONE"
" ****************************************************************************************************"
"MPA2:IR","","14 03 11","(                )","418","A"," -N-       NONE"
" ****************************************************************************************************"
"MPA2:IS","","14 03 18","(                )","437","A"," -N-       NONE"
" ****************************************************************************************************"
"MPA2:IT","","14 03 25","(                )","425","A"," -N-       NONE"
" ****************************************************************************************************"
"MPA2:KW","","14 03 36","(                )","256.5","kW"," -N-       NONE"
" ****************************************************************************************************"
"MPA2:KWH","","14 03 43","(                )","19724726",""," -N-       NONE"
" ****************************************************************************************************"
"MPA2:PF","","14 03 38","(                )","0.91",""," -N-       NONE"
" ****************************************************************************************************"
"MPA2:VRS","","14 03 13","(                )","383.5","V"," -N-       NONE"
" ****************************************************************************************************"
"MPA2:VST","","14 03 20","(                )","383.1","V"," -N-       NONE"
" ****************************************************************************************************"
"MPA2:VTR","","14 03 27","(                )","383.4","V"," -N-       NONE"
" ****************************************************************************************************"
"MLARF-1.PF",""," -Virtual-","(                )","0.99",""," -N-       NONE"
" ****************************************************************************************************"
"MLARF-1:HZ","","14 04 39","(                )","60","Hz"," -N-       NONE"
" ****************************************************************************************************"
"MLARF-1:IR","","14 04 11","(                )","227","A"," -N-       NONE"
" ****************************************************************************************************"
"MLARF-1:IS","","14 04 18","(                )","195","A"," -N-       NONE"
" ****************************************************************************************************"
"MLARF-1:IT","","14 04 25","(                )","177","A"," -N-       NONE"
" ****************************************************************************************************"
"MLARF-1:KW","","14 04 36","(                )","131.6","kW"," -N-       NONE"
" ****************************************************************************************************"
"MLARF-1:KWH","","14 04 43","(                )","6705166",""," -N-       NONE"
" ****************************************************************************************************"
"MLARF-1:PF","","14 04 38","(                )"," -0.99",""," -N-       NONE"
" ****************************************************************************************************"
"MLARF-1:VRS","","14 04 13","(                )","384.0","V"," -N-       NONE"
" ****************************************************************************************************"
"MLARF-1:VST","","14 04 20","(                )","383.7","V"," -N-       NONE"
" ****************************************************************************************************"
"MLARF-1:VTR","","14 04 27","(                )","384.1","V"," -N-       NONE"
" ****************************************************************************************************"
"MPARF:HZ","","14 05 39","(                )","60","Hz"," -N-       NONE"
" ****************************************************************************************************"
"MPARF:IR","","14 05 11","(                )","202","A"," -N-       NONE"
" ****************************************************************************************************"
"MPARF:IS","","14 05 18","(                )","133","A"," -N-       NONE"
" ****************************************************************************************************"
"MPARF:IT","","14 05 25","(                )","179","A"," -N-       NONE"
" ****************************************************************************************************"
"MPARF:KW","","14 05 36","(                )","110.3","kW"," -N-       NONE"
" ****************************************************************************************************"
"MPARF:KWH","","14 05 43","(                )","5943776",""," -N-       NONE"
" ****************************************************************************************************"
"MPARF:PF","","14 05 38","(                )","0.97",""," -N-       NONE"
" ****************************************************************************************************"
"MPARF:VRS","","14 05 13","(                )","382.3","V"," -N-       NONE"
" ****************************************************************************************************"
"MPARF:VST","","14 05 20","(                )","382.9","V"," -N-       NONE"
" ****************************************************************************************************"
"MPARF:VTR","","14 05 27","(                )","382.3","V"," -N-       NONE"
" ****************************************************************************************************"
"MGCBB.KWH",""," -Virtual-","(计            )","138.773",""," -N-       NONE"
" ****************************************************************************************************"
"MGCBB:F","","14 06 22","(                )","60","Hz"," -N-       NONE"
" ****************************************************************************************************"
"MGCBB:I1","","14 06 11","(                )","29.1","A"," -N-       NONE"
" ****************************************************************************************************"
"MGCBB:I2","","14 06 12","(                )","28.8","A"," -N-       NONE"
" ****************************************************************************************************"
"MGCBB:I3","","14 06 13","(                )","30.0","A"," -N-       NONE"
" ****************************************************************************************************"
"MGCBB:KW","","14 06 18","(                )","1159.4","kW"," -N-       NONE"
" ****************************************************************************************************"
"MGCBB:PF","","14 06 21","(                )","0.97",""," -N-       NONE"
" ****************************************************************************************************"
"MGCBB:V12","","14 06 15","(                )","23.6","kV"," -N-       NONE"
" ****************************************************************************************************"
"MGCBB:V23","","14 06 16","(                )","23.7","kV"," -N-       NONE"
" ****************************************************************************************************"
"MGCBB:V31","","14 06 17","(                )","23.6","kV"," -N-       NONE"
" ****************************************************************************************************"
"MLB1-1:HZ","","14 07 39","(                )","60","Hz"," -N-       NONE"
" ****************************************************************************************************"
"MLB1-1:IR","","14 07 11","(                )","899","A"," -N-       NONE"
" ****************************************************************************************************"
"MLB1-1:IS","","14 07 18","(                )","864","A"," -N-       NONE"
" ****************************************************************************************************"
"MLB1-1:IT","","14 07 25","(                )","835","A"," -N-       NONE"
" ****************************************************************************************************"
"MLB1-1:KW","","14 07 36","(                )","550.7","kW"," -N-       NONE"
" ****************************************************************************************************"
"MLB1-1:KWH","","14 07 43","(                )","33707284",""," -N-       NONE"
" ****************************************************************************************************"
"MLB1-1:PF","","14 07 38","(                )","0.96",""," -N-       NONE"
" ****************************************************************************************************"
"MLB1-1:VRS","","14 07 13","(                )","381.0","V"," -N-       NONE"
" ****************************************************************************************************"
"MLB1-1:VST","","14 07 20","(                )","381.2","V"," -N-       NONE"
" ****************************************************************************************************"
"MLB1-1:VTR","","14 07 27","(                )","381.8","V"," -N-       NONE"
" ****************************************************************************************************"
"MLB2-1:HZ","","14 08 39","(                )","60","Hz"," -N-       NONE"
" ****************************************************************************************************"
"MLB2-1:IR","","14 08 11","(                )","144","A"," -N-       NONE"
" ****************************************************************************************************"
"MLB2-1:IS","","14 08 18","(                )","114","A"," -N-       NONE"
" ****************************************************************************************************"
"MLB2-1:IT","","14 08 25","(                )","132","A"," -N-       NONE"
" ****************************************************************************************************"
"MLB2-1:KW","","14 08 36","(                )","85.8","kW"," -N-       NONE"
" ****************************************************************************************************"
"MLB2-1:KWH","","14 08 43","(                )","17044322",""," -N-       NONE"
" ****************************************************************************************************"
"MLB2-1:PF","","14 08 38","(                )","0.99",""," -N-       NONE"
" ****************************************************************************************************"
"MLB2-1:VRS","","14 08 13","(                )","383.6","V"," -N-       NONE"
" ****************************************************************************************************"
"MLB2-1:VST","","14 08 20","(                )","383.5","V"," -N-       NONE"
" ****************************************************************************************************"
"MLB2-1:VTR","","14 08 27","(                )","384.1","V"," -N-       NONE"
" ****************************************************************************************************"
"MLB3-1:HZ","","14 09 39","(                )","60","Hz"," -N-       NONE"
" ****************************************************************************************************"
"MLB3-1:IR","","14 09 11","(                )","314","A"," -N-       NONE"
" ****************************************************************************************************"
"MLB3-1:IS","","14 09 18","(                )","283","A"," -N-       NONE"
" ****************************************************************************************************"
"MLB3-1:IT","","14 09 25","(                )","320","A"," -N-       NONE"
" ****************************************************************************************************"
"MLB3-1:KW","","14 09 36","(                )","194.0","kW"," -N-       NONE"
" ****************************************************************************************************"
"MLB3-1:KWH","","14 09 43","(                )","28338532",""," -N-       NONE"
" ****************************************************************************************************"
"MLB3-1:PF","","14 09 38","(                )","0.96",""," -N-       NONE"
" ****************************************************************************************************"
"MLB3-1:VRS","","14 09 13","(                )","382.9","V"," -N-       NONE"
" ****************************************************************************************************"
"MLB3-1:VST","","14 09 20","(                )","383.0","V"," -N-       NONE"
" ****************************************************************************************************"
"MLB3-1:VTR","","14 09 27","(                )","383.1","V"," -N-       NONE"
" ****************************************************************************************************"
"MLB4-1:HZ","","14 10 39","(                )","60","Hz"," -N-       NONE"
" ****************************************************************************************************"
"MLB4-1:IR","","14 10 11","(                )","433","A"," -N-       NONE"
" ****************************************************************************************************"
"MLB4-1:IS","","14 10 18","(                )","412","A"," -N-       NONE"
" ****************************************************************************************************"
"MLB4-1:IT","","14 10 25","(                )","434","A"," -N-       NONE"
" ****************************************************************************************************"
"MLB4-1:KW","","14 10 36","(                )","275.5","kW"," -N-       NONE"
" ****************************************************************************************************"
"MLB4-1:KWH","","14 10 43","(                )","22915392",""," -N-       NONE"
" ****************************************************************************************************"
"MLB4-1:PF","","14 10 38","(                )","0.98",""," -N-       NONE"
" ****************************************************************************************************"
"MLB4-1:VRS","","14 10 13","(                )","382.5","V"," -N-       NONE"
" ****************************************************************************************************"
"MLB4-1:VST","","14 10 20","(                )","382.5","V"," -N-       NONE"
" ****************************************************************************************************"
"MLB4-1:VTR","","14 10 27","(                )","382.4","V"," -N-       NONE"
" ****************************************************************************************************"
"ACMP-1:HZ","","14 11 39","(                )","60","Hz"," -N-       NONE"
" ****************************************************************************************************"
"ACMP-1:IR","","14 11 11","(                )","631.5","A"," -N-       NONE"
" ****************************************************************************************************"
"ACMP-1:IS","","14 11 18","(                )","632","A"," -N-       NONE"
" ****************************************************************************************************"
"ACMP-1:IT","","14 11 25","(                )","644","A"," -N-       NONE"
" ****************************************************************************************************"
"ACMP-1:KW","","14 11 36","(                )","398.6","kW"," -N-       NONE"
" ****************************************************************************************************"
"ACMP-1:KWH","","14 11 43","(                )","12580916",""," -N-       NONE"
" ****************************************************************************************************"
"ACMP-1:PF","","14 11 38","(                )","0.93",""," -N-       NONE"
" ****************************************************************************************************"
"ACMP-1:VRS","","14 11 13","(                )","389.4","V"," -N-       NONE"
" ****************************************************************************************************"
"ACMP-1:VST","","14 11 20","(                )","390.2","V"," -N-       NONE"
" ****************************************************************************************************"
"ACMP-1:VTR","","14 11 27","(                )","388.8","V"," -N-       NONE"
" ****************************************************************************************************"
"ACMP-2:HZ","","14 12 39","(                )","60","Hz"," -N-       NONE"
" ****************************************************************************************************"
"ACMP-2:IR","","14 12 11","(                )","449","A"," -N-       NONE"
" ****************************************************************************************************"
"ACMP-2:IS","","14 12 18","(                )","468","A"," -N-       NONE"
" ****************************************************************************************************"
"ACMP-2:IT","","14 12 25","(                )","459","A"," -N-       NONE"
" ****************************************************************************************************"
"ACMP-2:KW","","14 12 36","(                )","261.9","kW"," -N-       NONE"
" ****************************************************************************************************"
"ACMP-2:KWH","","14 12 43","(                )","20001340",""," -N-       NONE"
" ****************************************************************************************************"
"ACMP-2:PF","","14 12 38","(                )","0.84",""," -N-       NONE"
" ****************************************************************************************************"
"ACMP-2:VRS","","14 12 13","(                )","389.9","V"," -N-       NONE"
" ****************************************************************************************************"
"ACMP-2:VST","","14 12 20","(                )","390.8","V"," -N-       NONE"
" ****************************************************************************************************"
"ACMP-2:VTR","","14 12 27","(                )","389.6","V"," -N-       NONE"
" ****************************************************************************************************"
"GCB1:HZ","","7 01 39","(                )","60","Hz"," -N-       NONE"
" ****************************************************************************************************"
"GCB1:IR","","7 01 11","(                )","4","A"," -N-       NONE"
" ****************************************************************************************************"
"GCB1:IS","","7 01 18","(                )","3","A"," -N-       NONE"
" ****************************************************************************************************"
"GCB1:IT","","7 01 25","(                )","3","A"," -N-       NONE"
" ****************************************************************************************************"
"GCB1:KW","","7 01 36","(                )","96.8","kW"," -N-       NONE"
" ****************************************************************************************************"
"GCB1:KWH","","7 01 43","(                )","8945762",""," -N-       NONE"
" ****************************************************************************************************"
"GCB1:PF","","7 01 38","(                )"," -0.77",""," -N-       NONE"
" ****************************************************************************************************"
"GCB1:VRS","","7 01 13","(                )","21.1","V"," -N-       NONE"
" ****************************************************************************************************"
"GCB1:VST","","7 01 20","(                )","21.0","V"," -N-       NONE"
" ****************************************************************************************************"
"GCB1:VTR","","7 01 27","(                )","21.0","V"," -N-       NONE"
" ****************************************************************************************************"
"GCB2:HZ","","7 02 39","(                )","60","Hz"," -N-       NONE"
" ****************************************************************************************************"
"GCB2:IR","","7 02 11","(                )","12","A"," -N-       NONE"
" ****************************************************************************************************"
"GCB2:IS","","7 02 18","(                )","12","A"," -N-       NONE"
" ****************************************************************************************************"
"GCB2:IT","","7 02 25","(                )","12","A"," -N-       NONE"
" ****************************************************************************************************"
"GCB2:KW","","7 02 36","(                )","400.5","kW"," -N-       NONE"
" ****************************************************************************************************"
"GCB2:KWH","","7 02 43","(                )","16157550",""," -N-       NONE"
" ****************************************************************************************************"
"GCB2:PF","","7 02 38","(                )","0.95",""," -N-       NONE"
" ****************************************************************************************************"
"GCB2:VRS","","7 02 13","(                )","21.0","V"," -N-       NONE"
" ****************************************************************************************************"
"GCB2:VST","","7 02 20","(                )","21.0","V"," -N-       NONE"
" ****************************************************************************************************"
"GCB2:VTR","","7 02 27","(                )","21.0","V"," -N-       NONE"
" ****************************************************************************************************"
"PM:HZ","","7 03 39","(                )","60","Hz"," -N-       NONE"
" ****************************************************************************************************"
"PM:IR","","7 03 11","(                )","216","A"," -N-       NONE"
" ****************************************************************************************************"
"PM:IS","","7 03 18","(                )","214","A"," -N-       NONE"
" ****************************************************************************************************"
"PM:IT","","7 03 25","(                )","183","A"," -N-       NONE"
" ****************************************************************************************************"
"PM:KW","","7 03 36","(                )","126.7","kW"," -N-       NONE"
" ****************************************************************************************************"
"PM:KWH","","7 03 43","(                )","14362430",""," -N-       NONE"
" ****************************************************************************************************"
"PM:PF","","7 03 38","(                )","0.93",""," -N-       NONE"
" ****************************************************************************************************"
"PM:VRS","","7 03 13","(                )","384.1","V"," -N-       NONE"
" ****************************************************************************************************"
"PM:VST","","7 03 20","(                )","383.6","V"," -N-       NONE"
" ****************************************************************************************************"
"PM:VTR","","7 03 27","(                )","384.3","V"," -N-       NONE"
" ****************************************************************************************************"
"PAC:HZ","","7 04 39","(                )","60","Hz"," -N-       NONE"
" ****************************************************************************************************"
"PAC:IR","","7 04 11","(                )","698","A"," -N-       NONE"
" ****************************************************************************************************"
"PAC:IS","","7 04 18","(                )","703","A"," -N-       NONE"
" ****************************************************************************************************"
"PAC:IT","","7 04 25","(                )","691","A"," -N-       NONE"
" ****************************************************************************************************"
"PAC:KW","","7 04 36","(                )","438.4","kW"," -N-       NONE"
" ****************************************************************************************************"
"PAC:KWH","","7 04 43","(                )","17626626",""," -N-       NONE"
" ****************************************************************************************************"
"PAC:PF","","7 04 38","(                )","0.95",""," -N-       NONE"
" ****************************************************************************************************"
"PAC:VRS","","7 04 13","(                )","380.5","V"," -N-       NONE"
" ****************************************************************************************************"
"PAC:VST","","7 04 20","(                )","380.1","V"," -N-       NONE"
" ****************************************************************************************************"
"PAC:VTR","","7 04 27","(                )","381.1","V"," -N-       NONE"
" ****************************************************************************************************"
"CH1B1:KWH","","8 01 11","(                )","4433714",""," *F*       NONE"
" ****************************************************************************************************"
"CH2B1:KWH","","8 02 11","(                )","3323912",""," *F*       NONE"
" ****************************************************************************************************"
"CHP1B1:KWH","","8 03 11","(                )","313214",""," *F*       NONE"
" ****************************************************************************************************"
"CHP2B1:KWH","","8 04 11","(                )","259932",""," *F*       NONE"
" ****************************************************************************************************"
"CHP3B1:KWH","","8 05 11","(                )","4159",""," *F*       NONE"
" ****************************************************************************************************"
"CT1B1:KW","","8 09 14","(                )","8.2","kW"," *F*       NONE"
" ****************************************************************************************************"
"CT1B1:KWH","","8 09 11","(                )","244843",""," *F*       NONE"
" ****************************************************************************************************"
"CT2B1:KW","","8 10 14","(                )","0.0","kW"," *F*       NONE"
" ****************************************************************************************************"
"CT2B1:KWH","","8 10 11","(                )","111175",""," *F*       NONE"
" ****************************************************************************************************"
"CWP1B1:KWH","","8 06 11","(                )","839195",""," *F*       NONE"
" ****************************************************************************************************"
"CWP2B1:KWH","","8 07 11","(                )","705224",""," *F*       NONE"
" ****************************************************************************************************"
"CWP3B1:KWH","","8 08 11","(                )","10",""," *F*       NONE"
" ****************************************************************************************************"
"CH1F7.KWH",""," -Virtual-","(计            )","669657","kW h"," -N-       NONE"
" ****************************************************************************************************"
"CH2F7:KWH","","14 13 43","(                )","3684505",""," -N-       NONE"
" ****************************************************************************************************"
"CH3F7:KWH","","14 14 43","(                )","1637500",""," -N-       NONE"
" ****************************************************************************************************"
"CH4F7.KWH",""," -Virtual-","(计            )","695298","kW h"," -N-       NONE"
" ****************************************************************************************************"
"CH5F7.KWH",""," -Virtual-","(计            )","662123","kW h"," -N-       NONE"
" ****************************************************************************************************"
"CHP1F7:KWH","","10 01 11","(                )","544706",""," -N-       NONE"
" ****************************************************************************************************"
"CHP2F7:KWH","","10 02 11","(                )","243532",""," -N-       NONE"
" ****************************************************************************************************"
"CHP3F7:KWH","","10 03 11","(                )","123707",""," -N-       NONE"
" ****************************************************************************************************"
"CHP4F7:KWH","","10 04 11","(                )","531832",""," -N-       NONE"
" ****************************************************************************************************"
"CHP5F7:KWH","","10 05 11","(                )","546768",""," -N-       NONE"
" ****************************************************************************************************"
"CWP1F7:KWH","","10 06 11","(                )","548197",""," -N-       NONE"
" ****************************************************************************************************"
"CWP2F7:KWH","","10 07 11","(                )","274942",""," -N-       NONE"
" ****************************************************************************************************"
"CWP3F7:KWH","","10 08 11","(                )","148993",""," -N-       NONE"
" ****************************************************************************************************"
"CWP4F7:KWH","","10 09 11","(                )","586095",""," -N-       NONE"
" ****************************************************************************************************"
"CWP5F7:KWH","","10 10 11","(                )","644500",""," -N-       NONE"
" ****************************************************************************************************"
"CT1-1.KWH",""," -Virtual-","(计            )","13154","kW h"," -N-       NONE"
" ****************************************************************************************************"
"CT1-1:KW","","12 01 11","(                )","6.8","kW"," -N-       NONE"
" ****************************************************************************************************"
"CT1-2.KWH",""," -Virtual-","(计            )","15519","kW h"," -N-       NONE"
" ****************************************************************************************************"
"CT1-2:KW","","12 02 11","(                )","6.8","kW"," -N-       NONE"
" ****************************************************************************************************"
"CT1-3.KWH",""," -Virtual-","(计            )","12848","kW h"," -N-       NONE"
" ****************************************************************************************************"
"CT1-3:KW","","12 03 11","(                )","6.9","kW"," -N-       NONE"
" ****************************************************************************************************"
"CT1-4.KWH",""," -Virtual-","(计            )","15848","kW h"," -N-       NONE"
" ****************************************************************************************************"
"CT1-4:KW","","12 04 11","(                )","7.0","kW"," -N-       NONE"
" ****************************************************************************************************"
"CT1-ALL.KW",""," -Virtual-","(玱娥╰参瞯)","27.6",""," -N-       NONE"
" ****************************************************************************************************"
"CT1-ALL.KWH",""," -Virtual-","(计            )","57370","kW h"," -N-       NONE"
" ****************************************************************************************************"
"CT2-1.KWH",""," -Virtual-","(计            )","12234","kW h"," -N-       NONE"
" ****************************************************************************************************"
"CT2-1:KW","","12 05 11","(                )","7.0","kW"," -N-       NONE"
" ****************************************************************************************************"
"CT2-2.KWH",""," -Virtual-","(计            )","11900","kW h"," -N-       NONE"
" ****************************************************************************************************"
"CT2-2:KW","","12 06 11","(                )","6.9","kW"," -N-       NONE"
" ****************************************************************************************************"
"CT2-3.KWH",""," -Virtual-","(计            )","11712","kW h"," -N-       NONE"
" ****************************************************************************************************"
"CT2-3:KW","","12 07 11","(                )","6.7","kW"," -N-       NONE"
" ****************************************************************************************************"
"CT2-4.KWH",""," -Virtual-","(计            )","12061","kW h"," -N-       NONE"
" ****************************************************************************************************"
"CT2-4:KW","","12 08 11","(                )","7.0","kW"," -N-       NONE"
" ****************************************************************************************************"
"CT2-ALL.KW",""," -Virtual-","(玱娥╰参瞯)","27.7",""," -N-       NONE"
" ****************************************************************************************************"
"CT2-ALL.KWH",""," -Virtual-","(计            )","47908","kW h"," -N-       NONE"
" ****************************************************************************************************"
"CT3-1.KWH",""," -Virtual-","(计            )","6605","kW h"," -N-       NONE"
" ****************************************************************************************************"
"CT3-1:KW","","12 09 11","(                )","0.0","kW"," -N-       NONE"
" ****************************************************************************************************"
"CT3-2.KWH",""," -Virtual-","(计            )","7858","kW h"," -N-       NONE"
" ****************************************************************************************************"
"CT3-2:KW","","12 10 11","(                )","0.0","kW"," -N-       NONE"
" ****************************************************************************************************"
"CT3-3.KWH",""," -Virtual-","(计            )","8212","kW h"," -N-       NONE"
" ****************************************************************************************************"
"CT3-3:KW","","12 11 11","(                )","0.0","kW"," -N-       NONE"
" ****************************************************************************************************"
"CT3-4.KWH",""," -Virtual-","(计            )","8264","kW h"," -N-       NONE"
" ****************************************************************************************************"
"CT3-4:KW","","12 12 11","(                )","0.0","kW"," -N-       NONE"
" ****************************************************************************************************"
"CT3-ALL.KW",""," -Virtual-","(玱娥╰参瞯)","0.0",""," -N-       NONE"
" ****************************************************************************************************"
"CT3-ALL.KWH",""," -Virtual-","(计            )","30940","kW h"," -N-       NONE"
" ****************************************************************************************************"
"CT4-1.KWH",""," -Virtual-","(计            )","14595","kW h"," -N-       NONE"
" ****************************************************************************************************"
"CT4-1:KW","","11 01 11","(                )","0.0","kW"," -N-       NONE"
" ****************************************************************************************************"
"CT4-2.KWH",""," -Virtual-","(计            )","8910","kW h"," -N-       NONE"
" ****************************************************************************************************"
"CT4-2:KW","","11 02 11","(                )","0.0","kW"," -N-       NONE"
" ****************************************************************************************************"
"CT4-3.KWH",""," -Virtual-","(计            )","13866","kW h"," -N-       NONE"
" ****************************************************************************************************"
"CT4-3:KW","","11 03 11","(                )","0.0","kW"," -N-       NONE"
" ****************************************************************************************************"
"CT4-4.KWH",""," -Virtual-","(计            )","11960","kW h"," -N-       NONE"
" ****************************************************************************************************"
"CT4-4:KW","","11 04 11","(                )","0.0","kW"," -N-       NONE"
" ****************************************************************************************************"
"CT4-ALL.KW",""," -Virtual-","(玱娥╰参瞯)","0.0",""," -N-       NONE"
" ****************************************************************************************************"
"CT4-ALL.KWH",""," -Virtual-","(计            )","49332","kW h"," -N-       NONE"
" ****************************************************************************************************"
"CT5-1.KWH",""," -Virtual-","(计            )","14924","kW h"," -N-       NONE"
" ****************************************************************************************************"
"CT5-1:KW","","11 05 11","(                )","0.0","kW"," -N-       NONE"
" ****************************************************************************************************"
"CT5-2.KWH",""," -Virtual-","(计            )","14275","kW h"," -N-       NONE"
" ****************************************************************************************************"
"CT5-2:KW","","11 06 11","(                )","0.0","kW"," -N-       NONE"
" ****************************************************************************************************"
"CT5-3.KWH",""," -Virtual-","(计            )","12997","kW h"," -N-       NONE"
" ****************************************************************************************************"
"CT5-3:KW","","11 07 11","(                )","0.0","kW"," -N-       NONE"
" ****************************************************************************************************"
"CT5-4.KWH",""," -Virtual-","(计            )","14429","kW h"," -N-       NONE"
" ****************************************************************************************************"
"CT5-4:KW","","11 08 11","(                )","0.0","kW"," -N-       NONE"
" ****************************************************************************************************"
"CT5-ALL.KW",""," -Virtual-","(玱娥╰参瞯)","0.0",""," -N-       NONE"
" ****************************************************************************************************"
"CT5-ALL.KWH",""," -Virtual-","(计            )","56627","kW h"," -N-       NONE"
" ****************************************************************************************************"
"CTB1-ALL.KW",""," -Virtual-","(玱娥╰参瞯)","8.2",""," -N-       NONE"
" ****************************************************************************************************"
"ZP1F7:KW","","13 01 14","(                )","8.2","kW"," -N-       NONE"
" ****************************************************************************************************"
"ZP1F7:KWH","","13 01 11","(                )","595416",""," -N-       NONE"
" ****************************************************************************************************"
"ZP2F7:KW","","13 02 14","(                )","8.3","kW"," -N-       NONE"
" ****************************************************************************************************"
"ZP2F7:KWH","","13 02 11","(                )","530741",""," -N-       NONE"
" ****************************************************************************************************"
"ZP3F7:KW","","13 03 14","(                )","0.0","kW"," -N-       NONE"
" ****************************************************************************************************"
"ZP3F7:KWH","","13 03 11","(                )","324719",""," -N-       NONE"
" ****************************************************************************************************"
"ZP4F7:KW","","13 04 14","(                )","11.4","kW"," -N-       NONE"
" ****************************************************************************************************"
"ZP4F7:KWH","","13 04 11","(                )","791898",""," -N-       NONE"
" ****************************************************************************************************"
"ZP5F7:KW","","13 05 14","(                )","11.5","kW"," -N-       NONE"
" ****************************************************************************************************"
"ZP5F7:KWH","","13 05 11","(                )","722384",""," -N-       NONE"
" ****************************************************************************************************"
"ZP6F7:KW","","13 06 14","(                )","0.0","kW"," -N-       NONE"
" ****************************************************************************************************"
"ZP6F7:KWH","","13 06 11","(                )","336163",""," -N-       NONE"
" ****************************************************************************************************"
"ZP7F7:KW","","13 07 14","(                )","15.5","kW"," -N-       NONE"
" ****************************************************************************************************"
"ZP7F7:KWH","","13 07 11","(                )","425193",""," -N-       NONE"
" ****************************************************************************************************"
"ZP8F7:KW","","13 08 14","(                )","0.0","kW"," -N-       NONE"
" ****************************************************************************************************"
"ZP8F7:KWH","","13 08 11","(                )","445540",""," -N-       NONE"
" ****************************************************************************************************"
"ZP9F7:KW","","13 09 14","(                )","0.0","kW"," -N-       NONE"
" ****************************************************************************************************"
"ZP9F7:KWH","","13 09 11","(                )","246580",""," -N-       NONE"
" ****************************************************************************************************"
"ZP10F7:KW","","13 10 14","(                )","23.3","kW"," -N-       NONE"
" ****************************************************************************************************"
"ZP10F7:KWH","","13 10 11","(                )","564962",""," -N-       NONE"
" ****************************************************************************************************"
"ZP11F7:KW","","13 11 14","(                )","0.0","kW"," -N-       NONE"
" ****************************************************************************************************"
"ZP11F7:KWH","","13 11 11","(                )","414624",""," -N-       NONE"
" ****************************************************************************************************"
"ZP12F7:KW","","13 12 14","(                )","0.0","kW"," -N-       NONE"
" ****************************************************************************************************"
"ZP12F7:KWH","","13 12 11","(                )","252828",""," -N-       NONE"
" ****************************************************************************************************"
"ZP13F7:KW","","13 13 14","(                )","21.6","kW"," -N-       NONE"
" ****************************************************************************************************"
"ZP13F7:KWH","","13 13 11","(                )","535545",""," -N-       NONE"
" ****************************************************************************************************"
"ZP14F7:KW","","13 14 14","(                )","0.0","kW"," -N-       NONE"
" ****************************************************************************************************"
"ZP14F7:KWH","","13 14 11","(                )","369681",""," -N-       NONE"
" ****************************************************************************************************"
"ZP15F7:KW","","13 15 14","(                )","0.0","kW"," -N-       NONE"
" ****************************************************************************************************"
"ZP15F7:KWH","","13 15 11","(                )","223129",""," -N-       NONE"
" ****************************************************************************************************"
" ****************************************** End of Report *******************************************"
